tank_id	grape_variety	capacity_liters
1	NebbioloClassico,MontepulcianoRegale,MoscatoVellutato	1624
2	VerdicchioElegante,MalvasiaSapido,ChardonnayAmbrato	1699
3	PascaleSelezionato,BarberaGeneroso,MalvasiaSpeziato	1597
4	MontepulcianoElegante,BovaleDorato,PrimitivoRubino	1653
5	CorvinaRustico,NuragusAvvolgente,GrenacheRustico	1009
6	ArneisAmbrato,SangioveseRustico,ViognierIntenso	1294
7	VernacciaRustico,AglianicoStorico,PrimitivoClassico	1075
8	ViognierAmbrato,AglianicoSuperiore,TorbatoSplendido	1601
9	CaricagiolaBarricato,GiroMorbido,FianoSublime	1434
